name,id,types,internationalPhoneNumber,formattedAddress,location,rating,googleMapsUri,websiteUri,regularOpeningHours,userRatingCount,displayName,primaryTypeDisplayName,editorialSummary,parkingOptions,accessibilityOptions,addressDescriptor,googleMapsLinks,restroom,paymentOptions,goodForChildren,priceLevel,takeout,delivery,dineIn,menuForChildren,servesDessert,allowsDogs,priceRange,servesBreakfast,servesLunch,servesDinner,servesBeer,servesWine,servesBrunch,outdoorSeating,liveMusic,servesCocktails,servesCoffee,goodForGroups,reservable,curbsidePickup,containingPlaces
places/ChIJC1o2yWE62jARfjKPh-dUjiQ,ChIJC1o2yWE62jARfjKPh-dUjiQ,"Shopping Mall, Point Of Interest, Establishment",+66 52 081 555,"55 หมู่ที่ 5 Huay Kaew Rd, Tambon Chang Phueak, Amphoe Mueang Chiang Mai, Chang Wat Chiang Mai 50300","ละติจูด: 18.802246399999998, ลองติจูด: 98.9672631",4.3,https://maps.google.com/?cid=2634136185446806142,https://www.mayashoppingcenter.com/,"Open on: Monday (10:00 AM – 10:00 PM), Tuesday (10:00 AM – 10:00 PM), Wednesday (10:00 AM – 10:00 PM), Thursday (10:00 AM – 10:00 PM), Friday (10:00 AM – 10:00 PM), Saturday (10:00 AM – 10:00 PM), Sunday (10:00 AM – 10:00 PM).",15893,MAYA Lifestyle Shopping Center,Shopping Mall,"Sprawling, upscale mall features dozens of boutiques, gift shops, eateries & a cinema.","{'freeGarageParking': True, 'paidGarageParking': True}",Support Wheelchair Accessible Parking & Support Wheelchair Accessible Entrance,"{'landmarks': [{'name': 'places/ChIJ8QdNKPU72jARtz_iHmA6_zk', 'placeId': 'ChIJ8QdNKPU72jARtz_iHmA6_zk', 'displayName': {'text': 'One Nimman', 'languageCode': 'en'}, 'types': ['establishment', 'point_of_interest', 'shopping_mall'], 'straightLineDistanceMeters': 220.56212}, {'name': 'places/ChIJt0BUtWE62jARM_5zPC8bQkY', 'placeId': 'ChIJt0BUtWE62jARM_5zPC8bQkY', 'displayName': {'text': 'SFX Cinema Maya Chiangmai', 'languageCode': 'en'}, 'types': ['establishment', 'movie_theater', 'point_of_interest'], 'spatialRelationship': 'BESIDE', 'straightLineDistanceMeters': 14.144574}, {'name': 'places/ChIJdy1ezWE62jARtAqNpOb3Jf0', 'placeId': 'ChIJdy1ezWE62jARtAqNpOb3Jf0', 'displayName': {'text': 'Starbucks Maya Shopping Mall Chiangmai Branch', 'languageCode': 'en'}, 'types': ['cafe', 'establishment', 'food', 'point_of_interest', 'store'], 'straightLineDistanceMeters': 47.913757}, {'name': 'places/ChIJwfuAlZM62jARKKRayXLLApU', 'placeId': 'ChIJwfuAlZM62jARKKRayXLLApU', 'displayName': {'text': 'Rimping Supermarket, Maya Lifestyle Branch', 'languageCode': 'en'}, 'types': ['establishment', 'food', 'grocery_or_supermarket', 'point_of_interest', 'store', 'supermarket'], 'straightLineDistanceMeters': 42.287983}, {'name': 'places/ChIJ0SusSmQ72jAR_gLIvYxtY58', 'placeId': 'ChIJ0SusSmQ72jAR_gLIvYxtY58', 'displayName': {'text': 'Thailand Post Office MAYA', 'languageCode': 'en'}, 'types': ['establishment', 'finance', 'point_of_interest', 'post_office'], 'straightLineDistanceMeters': 29.335749}], 'areas': [{'name': 'places/ChIJidwaQjc62jARQIqL-sVGAwQ', 'placeId': 'ChIJidwaQjc62jARQIqL-sVGAwQ', 'displayName': {'text': 'Chang Phueak', 'languageCode': 'en'}, 'containment': 'OUTSKIRTS'}, {'name': 'places/ChIJ_T7SzGM62jARlKu0BQcTc9w', 'placeId': 'ChIJ_T7SzGM62jARlKu0BQcTc9w', 'displayName': {'text': 'Nimmanhaemin', 'languageCode': 'th'}, 'containment': 'NEAR'}, {'name': 'places/ChIJowZ6sv452jARUIqL-sVGAwQ', 'placeId': 'ChIJowZ6sv452jARUIqL-sVGAwQ', 'displayName': {'text': 'Suthep', 'languageCode': 'en'}, 'containment': 'NEAR'}]}","{'directionsUri': ""https://www.google.com/maps/dir//''/data=!4m7!4m6!1m1!4e2!1m2!1m1!1s0x30da3a61c9365a0b:0x248e54e7878f327e!3e0"", 'placeUri': 'https://maps.google.com/?cid=2634136185446806142', 'writeAReviewUri': 'https://www.google.com/maps/place//data=!4m3!3m2!1s0x30da3a61c9365a0b:0x248e54e7878f327e!12e1', 'reviewsUri': 'https://www.google.com/maps/place//data=!4m4!3m3!1s0x30da3a61c9365a0b:0x248e54e7878f327e!9m1!1b1', 'photosUri': 'https://www.google.com/maps/place//data=!4m3!3m2!1s0x30da3a61c9365a0b:0x248e54e7878f327e!10e5'}",,No data for payments options.,,No data for price level,,,,,,,Price range not specified,,,,,,,,,,,,,,
places/ChIJ8QdNKPU72jARtz_iHmA6_zk,ChIJ8QdNKPU72jARtz_iHmA6_zk,"Shopping Mall, Point Of Interest, Establishment",+66 52 080 900,"One Nimman ชั้น2 1-1/1-5 Tambon Su Thep, เมือง Chang Wat Chiang Mai 50200","ละติจูด: 18.8003534, ลองติจูด: 98.967889",4.5,https://maps.google.com/?cid=4179123163732524983,https://www.onenimman.com/,"Open on: Monday (11:00 AM – 9:00 PM), Tuesday (11:00 AM – 9:00 PM), Wednesday (11:00 AM – 9:00 PM), Thursday (11:00 AM – 9:00 PM), Friday (11:00 AM – 9:00 PM), Saturday (11:00 AM – 9:00 PM), Sunday (11:00 AM – 9:00 PM).",9646,One Nimman,Shopping Mall,"Retail shops, cafes & food stalls share space in a modern marketplace with big windows & a hip vibe.",,Support Wheelchair Accessible Parking & Support Wheelchair Accessible Entrance & Support Wheelchair Accessible Restroom,"{'landmarks': [{'name': 'places/ChIJC1o2yWE62jARfjKPh-dUjiQ', 'placeId': 'ChIJC1o2yWE62jARfjKPh-dUjiQ', 'displayName': {'text': 'MAYA Lifestyle Shopping Center', 'languageCode': 'en'}, 'types': ['establishment', 'point_of_interest', 'shopping_mall'], 'straightLineDistanceMeters': 220.56212, 'travelDistanceMeters': 259.11246}, {'name': 'places/ChIJA7SL42E62jARIlkSgM1kXaY', 'placeId': 'ChIJA7SL42E62jARIlkSgM1kXaY', 'displayName': {'text': 'U Nimman Chiang Mai', 'languageCode': 'en'}, 'types': ['establishment', 'lodging', 'point_of_interest'], 'spatialRelationship': 'ACROSS_THE_ROAD', 'straightLineDistanceMeters': 36.783882, 'travelDistanceMeters': 38.378082}, {'name': 'places/ChIJU1P77WE62jAR3ViiZOa6Nrk', 'placeId': 'ChIJU1P77WE62jAR3ViiZOa6Nrk', 'displayName': {'text': 'FREITAG Store by Pronto Chiang Mai', 'languageCode': 'en'}, 'types': ['establishment', 'point_of_interest', 'shopping_mall'], 'straightLineDistanceMeters': 30.09643, 'travelDistanceMeters': 94.15346}, {'name': 'places/ChIJI9vD85472jAR8YNX-2A77Pg', 'placeId': 'ChIJI9vD85472jAR8YNX-2A77Pg', 'displayName': {'text': 'Think Park', 'languageCode': 'en'}, 'types': ['establishment', 'point_of_interest', 'shopping_mall'], 'straightLineDistanceMeters': 103.30781, 'travelDistanceMeters': 131.659}, {'name': 'places/ChIJb2Ob3hE72jARufqiCu4qT6o', 'placeId': 'ChIJb2Ob3hE72jARufqiCu4qT6o', 'displayName': {'text': 'Think Park Night Market', 'languageCode': 'en'}, 'types': ['establishment', 'point_of_interest'], 'straightLineDistanceMeters': 105.37495, 'travelDistanceMeters': 125.57913}], 'areas': [{'name': 'places/ChIJ_T7SzGM62jARlKu0BQcTc9w', 'placeId': 'ChIJ_T7SzGM62jARlKu0BQcTc9w', 'displayName': {'text': 'Nimmanhaemin', 'languageCode': 'th'}, 'containment': 'WITHIN'}, {'name': 'places/ChIJowZ6sv452jARUIqL-sVGAwQ', 'placeId': 'ChIJowZ6sv452jARUIqL-sVGAwQ', 'displayName': {'text': 'Suthep', 'languageCode': 'en'}, 'containment': 'OUTSKIRTS'}, {'name': 'places/ChIJidwaQjc62jARQIqL-sVGAwQ', 'placeId': 'ChIJidwaQjc62jARQIqL-sVGAwQ', 'displayName': {'text': 'Chang Phueak', 'languageCode': 'en'}, 'containment': 'NEAR'}]}","{'directionsUri': ""https://www.google.com/maps/dir//''/data=!4m7!4m6!1m1!4e2!1m2!1m1!1s0x30da3bf5284d07f1:0x39ff3a601ee23fb7!3e0"", 'placeUri': 'https://maps.google.com/?cid=4179123163732524983', 'writeAReviewUri': 'https://www.google.com/maps/place//data=!4m3!3m2!1s0x30da3bf5284d07f1:0x39ff3a601ee23fb7!12e1', 'reviewsUri': 'https://www.google.com/maps/place//data=!4m4!3m3!1s0x30da3bf5284d07f1:0x39ff3a601ee23fb7!9m1!1b1', 'photosUri': 'https://www.google.com/maps/place//data=!4m3!3m2!1s0x30da3bf5284d07f1:0x39ff3a601ee23fb7!10e5'}",True,Accepts Credit Cards,,No data for price level,,,,,,,Price range not specified,,,,,,,,,,,,,,
places/ChIJU6ochIY62jARDl9lhKLE980,ChIJU6ochIY62jARDl9lhKLE980,"Hospital, Health, Point Of Interest, Establishment",+66 53 936 150,"110 Intrawarorot Road Soi 2, Tambon Si Phum, Amphoe Mueang Chiang Mai, Chang Wat Chiang Mai 50200","ละติจูด: 18.790266499999998, ลองติจูด: 98.9740728",3.4,https://maps.google.com/?cid=14841547299307740942,https://www.med.cmu.ac.th/web/suandok-hospital/,This place is open 24 hours every day.,579,Maharaj Nakorn Chiang Mai Hospital,Hospital,,,Support Wheelchair Accessible Parking & Support Wheelchair Accessible Entrance,"{'landmarks': [{'name': 'places/ChIJVVVVVZY62jARfjLKMtSTh_0', 'placeId': 'ChIJVVVVVZY62jARfjLKMtSTh_0', 'displayName': {'text': 'Sriphat Medical Center', 'languageCode': 'en'}, 'types': ['establishment', 'health', 'hospital', 'point_of_interest'], 'straightLineDistanceMeters': 356.0052, 'travelDistanceMeters': 477.71957}, {'name': 'places/ChIJK_ZQL4Q62jARjRWMwb8KSRE', 'placeId': 'ChIJK_ZQL4Q62jARjRWMwb8KSRE', 'displayName': {'text': 'The Royal Golden Jubilee Building', 'languageCode': 'en'}, 'types': ['establishment', 'health', 'hospital', 'point_of_interest'], 'straightLineDistanceMeters': 95.164116, 'travelDistanceMeters': 442.3991}, {'name': 'places/ChIJn5-EQ4Q62jARdIPsV_lmhEg', 'placeId': 'ChIJn5-EQ4Q62jARdIPsV_lmhEg', 'displayName': {'text': 'Faculty of Nursing, Chiang Mai University', 'languageCode': 'en'}, 'types': ['establishment', 'health', 'point_of_interest'], 'straightLineDistanceMeters': 253.75523, 'travelDistanceMeters': 391.324}, {'name': 'places/ChIJeXpCQYQ62jARPwxHTc19bQQ', 'placeId': 'ChIJeXpCQYQ62jARPwxHTc19bQQ', 'displayName': {'text': 'ศูนย์สุขภาพพร้อม (ศูนย์บริการเทคนิคการแพทย์คลินิก)', 'languageCode': 'en'}, 'types': ['establishment', 'health', 'point_of_interest'], 'straightLineDistanceMeters': 159.83789, 'travelDistanceMeters': 182.39645}, {'name': 'places/ChIJGQC6SoQ62jARuCi1NJz8tIE', 'placeId': 'ChIJGQC6SoQ62jARuCi1NJz8tIE', 'displayName': {'text': 'Faculty of Associated Medical Sciences, Chiang Mai University', 'languageCode': 'en'}, 'types': ['establishment', 'point_of_interest'], 'straightLineDistanceMeters': 183.00195, 'travelDistanceMeters': 203.61606}], 'areas': [{'name': 'places/ChIJ0cQMiIY62jARQ3pJcVCORec', 'placeId': 'ChIJ0cQMiIY62jARQ3pJcVCORec', 'displayName': {'text': 'ฝ่ายการพยาบาล โรงพยาบาลมหาราชนครเชียงใหม่', 'languageCode': 'th'}, 'containment': 'WITHIN'}, {'name': 'places/ChIJowZ6sv452jARUIqL-sVGAwQ', 'placeId': 'ChIJowZ6sv452jARUIqL-sVGAwQ', 'displayName': {'text': 'Suthep', 'languageCode': 'en'}, 'containment': 'OUTSKIRTS'}]}","{'directionsUri': ""https://www.google.com/maps/dir//''/data=!4m7!4m6!1m1!4e2!1m2!1m1!1s0x30da3a86841caa53:0xcdf7c4a284655f0e!3e0"", 'placeUri': 'https://maps.google.com/?cid=14841547299307740942', 'writeAReviewUri': 'https://www.google.com/maps/place//data=!4m3!3m2!1s0x30da3a86841caa53:0xcdf7c4a284655f0e!12e1', 'reviewsUri': 'https://www.google.com/maps/place//data=!4m4!3m3!1s0x30da3a86841caa53:0xcdf7c4a284655f0e!9m1!1b1', 'photosUri': 'https://www.google.com/maps/place//data=!4m3!3m2!1s0x30da3a86841caa53:0xcdf7c4a284655f0e!10e5'}",,No data for payments options.,,No data for price level,,,,,,,Price range not specified,,,,,,,,,,,,,,
places/ChIJ-RvzX5k62jARFj62oIy-YNo,ChIJ-RvzX5k62jARFj62oIy-YNo,"Hotel, Lodging, Point Of Interest, Establishment",+66 52 090 111,"89 ถนน ชลประทาน, Tambon Su Thep, Amphoe Mueang Chiang Mai, Chang Wat Chiang Mai 50200","ละติจูด: 18.796667199999998, ลองติจูด: 98.961934",4.4,https://maps.google.com/?cid=15735786609233509910,https://www.travelodgehotels.asia/travelodge-nimman/,Opening hours information is not available.,973,Travelodge Nimman,Hotel,,,Support Wheelchair Accessible Parking & Support Wheelchair Accessible Entrance,"{'landmarks': [{'name': 'places/ChIJhx6h92Q62jARpAGuuKHbB_s', 'placeId': 'ChIJhx6h92Q62jARpAGuuKHbB_s', 'displayName': {'text': 'PTT Station : CMU', 'languageCode': 'en'}, 'types': ['establishment', 'gas_station', 'point_of_interest'], 'straightLineDistanceMeters': 62.857864, 'travelDistanceMeters': 369.38104}, {'name': 'places/ChIJTQJt7mQ62jAR3EnGU9fgYMo', 'placeId': 'ChIJTQJt7mQ62jAR3EnGU9fgYMo', 'displayName': {'text': 'Small Animal Hospital, Chiang Mai University', 'languageCode': 'en'}, 'types': ['establishment', 'point_of_interest', 'veterinary_care'], 'straightLineDistanceMeters': 67.52718, 'travelDistanceMeters': 351.96954}, {'name': 'places/ChIJ0fNxC2M62jARLXYgd0ReZDc', 'placeId': 'ChIJ0fNxC2M62jARLXYgd0ReZDc', 'displayName': {'text': 'Kantary Hills Hotel, Chiang Mai', 'languageCode': 'en'}, 'types': ['establishment', 'lodging', 'point_of_interest'], 'straightLineDistanceMeters': 237.67076, 'travelDistanceMeters': 462.03888}, {'name': 'places/ChIJw1pdI0472jARNW3p9BGKEBQ', 'placeId': 'ChIJw1pdI0472jARNW3p9BGKEBQ', 'displayName': {'text': 'Dental Joy Clinic ทำฟัน จัดฟัน เชียงใหม่', 'languageCode': 'th'}, 'types': ['establishment', 'health', 'point_of_interest'], 'straightLineDistanceMeters': 442.956, 'travelDistanceMeters': 443.3469}, {'name': 'places/ChIJ0W_8nbww2jARRXc87tuw9mw', 'placeId': 'ChIJ0W_8nbww2jARRXc87tuw9mw', 'displayName': {'text': 'Kokotel Chiang Mai Nimman', 'languageCode': 'en'}, 'types': ['establishment', 'lodging', 'point_of_interest'], 'straightLineDistanceMeters': 205.0517, 'travelDistanceMeters': 301.22205}], 'areas': [{'name': 'places/ChIJowZ6sv452jARUIqL-sVGAwQ', 'placeId': 'ChIJowZ6sv452jARUIqL-sVGAwQ', 'displayName': {'text': 'Suthep', 'languageCode': 'en'}, 'containment': 'WITHIN'}, {'name': 'places/ChIJf7lD92Q62jARyP5RaR6vCls', 'placeId': 'ChIJf7lD92Q62jARyP5RaR6vCls', 'displayName': {'text': 'Parking lot', 'languageCode': 'en'}, 'containment': 'NEAR'}, {'name': 'places/ChIJ_T7SzGM62jARlKu0BQcTc9w', 'placeId': 'ChIJ_T7SzGM62jARlKu0BQcTc9w', 'displayName': {'text': 'Nimmanhaemin', 'languageCode': 'th'}, 'containment': 'NEAR'}]}","{'directionsUri': ""https://www.google.com/maps/dir//''/data=!4m7!4m6!1m1!4e2!1m2!1m1!1s0x30da3a995ff31bf9:0xda60be8ca0b63e16!3e0"", 'placeUri': 'https://maps.google.com/?cid=15735786609233509910', 'writeAReviewUri': 'https://www.google.com/maps/place//data=!4m3!3m2!1s0x30da3a995ff31bf9:0xda60be8ca0b63e16!12e1', 'reviewsUri': 'https://www.google.com/maps/place//data=!4m4!3m3!1s0x30da3a995ff31bf9:0xda60be8ca0b63e16!9m1!1b1', 'photosUri': 'https://www.google.com/maps/place//data=!4m3!3m2!1s0x30da3a995ff31bf9:0xda60be8ca0b63e16!10e5'}",,No data for payments options.,True,No data for price level,,,,,,,Price range not specified,,,,,,,,,,,,,,
places/ChIJqcysHow62jAR6ElsdYpG8EU,ChIJqcysHow62jAR6ElsdYpG8EU,"Restaurant, Food, Point Of Interest, Establishment",+66 53 213 284,"29, 1 Soi Ratchaphuek, Tambon Chang Phueak, Amphoe Mueang Chiang Mai, Chang Wat Chiang Mai 50300","ละติจูด: 18.7995989, ลองติจูด: 98.9752135",4.6,https://maps.google.com/?cid=5039605543517047272,https://www.facebook.com/khaosoimaesai,"Open on: Monday (8:00 AM – 4:00 PM), Tuesday (8:00 AM – 4:00 PM), Wednesday (8:00 AM – 4:00 PM), Thursday (8:00 AM – 4:00 PM), Friday (8:00 AM – 4:00 PM), Saturday (8:00 AM – 4:00 PM). Closed on: Sunday.",4608,Khao Soi Maesai,Restaurant,,"{'paidParkingLot': False, 'freeStreetParking': True, 'paidStreetParking': False}",Not support Wheelchair Accessible Parking & Not support Wheelchair Accessible Entrance,"{'landmarks': [{'name': 'places/ChIJo-9tJYw62jAR0dqcgLCfdFI', 'placeId': 'ChIJo-9tJYw62jAR0dqcgLCfdFI', 'displayName': {'text': 'B2 Green Boutique & Budget Hotel', 'languageCode': 'en'}, 'types': ['clothing_store', 'establishment', 'lodging', 'point_of_interest', 'store'], 'spatialRelationship': 'AROUND_THE_CORNER', 'straightLineDistanceMeters': 99.32402, 'travelDistanceMeters': 317.3418}, {'name': 'places/ChIJ7ZMzGIw62jARMdc3g4pLrWs', 'placeId': 'ChIJ7ZMzGIw62jARMdc3g4pLrWs', 'displayName': {'text': 'Huen Muan Jai', 'languageCode': 'en'}, 'types': ['establishment', 'food', 'point_of_interest', 'restaurant'], 'spatialRelationship': 'ACROSS_THE_ROAD', 'straightLineDistanceMeters': 48.611614, 'travelDistanceMeters': 38.257416}, {'name': 'places/ChIJY_u1po462jARg0uV9Clje0U', 'placeId': 'ChIJY_u1po462jARg0uV9Clje0U', 'displayName': {'text': 'Varada Place', 'languageCode': 'en'}, 'types': ['establishment', 'lodging', 'point_of_interest', 'real_estate_agency', 'travel_agency'], 'spatialRelationship': 'DOWN_THE_ROAD', 'straightLineDistanceMeters': 75.782455, 'travelDistanceMeters': 69.68159}, {'name': 'places/ChIJ51kfrY462jAR8NbGLmOxtbk', 'placeId': 'ChIJ51kfrY462jAR8NbGLmOxtbk', 'displayName': {'text': 'Nakornping Condominium', 'languageCode': 'en'}, 'types': ['establishment', 'point_of_interest'], 'spatialRelationship': 'DOWN_THE_ROAD', 'straightLineDistanceMeters': 140.21826, 'travelDistanceMeters': 205.08441}, {'name': 'places/ChIJ8atz59Y72jARaz16MwKNqZE', 'placeId': 'ChIJ8atz59Y72jARaz16MwKNqZE', 'displayName': {'text': 'Seasons Ice Cream', 'languageCode': 'en'}, 'types': ['establishment', 'food', 'point_of_interest', 'store'], 'spatialRelationship': 'DOWN_THE_ROAD', 'straightLineDistanceMeters': 27.625807, 'travelDistanceMeters': 28.04206}], 'areas': [{'name': 'places/ChIJidwaQjc62jARQIqL-sVGAwQ', 'placeId': 'ChIJidwaQjc62jARQIqL-sVGAwQ', 'displayName': {'text': 'Chang Phueak', 'languageCode': 'en'}, 'containment': 'OUTSKIRTS'}]}","{'directionsUri': ""https://www.google.com/maps/dir//''/data=!4m7!4m6!1m1!4e2!1m2!1m1!1s0x30da3a8c1eaccca9:0x45f0468a756c49e8!3e0"", 'placeUri': 'https://maps.google.com/?cid=5039605543517047272', 'writeAReviewUri': 'https://www.google.com/maps/place//data=!4m3!3m2!1s0x30da3a8c1eaccca9:0x45f0468a756c49e8!12e1', 'reviewsUri': 'https://www.google.com/maps/place//data=!4m4!3m3!1s0x30da3a8c1eaccca9:0x45f0468a756c49e8!9m1!1b1', 'photosUri': 'https://www.google.com/maps/place//data=!4m3!3m2!1s0x30da3a8c1eaccca9:0x45f0468a756c49e8!10e5'}",True,No data for payments options.,,Inexpensive,True,True,True,False,False,False,Between 1 and 100 THB,,,,,,,,,,,,,,
places/ChIJ9Vbj3Yk62jAR4R5XMgrf6ag,ChIJ9Vbj3Yk62jAR4R5XMgrf6ag,"Thai Restaurant, Restaurant, Food, Point Of Interest, Establishment",+66 53 894 881,"22 Nimmana Haeminda Rd Lane 7, Tambon Su Thep, Amphoe Mueang Chiang Mai, Chang Wat Chiang Mai 50200","ละติจูด: 18.7979239, ลองติจูด: 98.9692791",4.2,https://maps.google.com/?cid=12171504702832713441,https://www.facebook.com/KAOSOYNIMMANCNX/,"Open on: Monday (10:00 AM – 9:00 PM), Tuesday (10:00 AM – 9:00 PM), Wednesday (10:00 AM – 9:00 PM), Thursday (10:00 AM – 9:00 PM), Friday (10:00 AM – 9:00 PM), Saturday (10:00 AM – 9:00 PM), Sunday (10:00 AM – 9:00 PM).",4638,Kao Soy Nimman,Thai Restaurant,"Down-to-earth restaurant specializing in noodles & soup with chicken, beef & seafood.","{'paidParkingLot': False, 'freeStreetParking': True, 'paidStreetParking': False}",Not support Wheelchair Accessible Parking,"{'landmarks': [{'name': 'places/ChIJ8QdNKPU72jARtz_iHmA6_zk', 'placeId': 'ChIJ8QdNKPU72jARtz_iHmA6_zk', 'displayName': {'text': 'One Nimman', 'languageCode': 'en'}, 'types': ['establishment', 'point_of_interest', 'shopping_mall'], 'straightLineDistanceMeters': 302.64545, 'travelDistanceMeters': 257.97726}, {'name': 'places/ChIJwcdPcmI62jARRr6JEaABWLQ', 'placeId': 'ChIJwcdPcmI62jARRr6JEaABWLQ', 'displayName': {'text': 'May Flower Grande Hotel', 'languageCode': 'en'}, 'types': ['establishment', 'lodging', 'point_of_interest'], 'spatialRelationship': 'AROUND_THE_CORNER', 'straightLineDistanceMeters': 96.597115, 'travelDistanceMeters': 125.83301}, {'name': 'places/ChIJAe6hv_o72jARruNHpKHt2_I', 'placeId': 'ChIJAe6hv_o72jARruNHpKHt2_I', 'displayName': {'text': 'Yellow Coworking Space (Co-working)', 'languageCode': 'en'}, 'types': ['establishment', 'finance', 'point_of_interest'], 'spatialRelationship': 'DOWN_THE_ROAD', 'straightLineDistanceMeters': 59.0269, 'travelDistanceMeters': 51.35165}, {'name': 'places/ChIJ32na24k62jARjdwnC8nGuoQ', 'placeId': 'ChIJ32na24k62jARjdwnC8nGuoQ', 'displayName': {'text': 'Rush Bar', 'languageCode': 'en'}, 'types': ['bar', 'establishment', 'point_of_interest'], 'straightLineDistanceMeters': 40.3981, 'travelDistanceMeters': 221.13594}, {'name': 'places/ChIJS4sU6Ik62jARhUJvZWgaKcQ', 'placeId': 'ChIJS4sU6Ik62jARhUJvZWgaKcQ', 'displayName': {'text': 'Living Machine', 'languageCode': 'en'}, 'types': ['bar', 'establishment', 'point_of_interest'], 'spatialRelationship': 'ACROSS_THE_ROAD', 'straightLineDistanceMeters': 22.442974, 'travelDistanceMeters': 11.473053}], 'areas': [{'name': 'places/ChIJ_T7SzGM62jARlKu0BQcTc9w', 'placeId': 'ChIJ_T7SzGM62jARlKu0BQcTc9w', 'displayName': {'text': 'Nimmanhaemin', 'languageCode': 'th'}, 'containment': 'WITHIN'}, {'name': 'places/ChIJowZ6sv452jARUIqL-sVGAwQ', 'placeId': 'ChIJowZ6sv452jARUIqL-sVGAwQ', 'displayName': {'text': 'Suthep', 'languageCode': 'en'}, 'containment': 'OUTSKIRTS'}]}","{'directionsUri': ""https://www.google.com/maps/dir//''/data=!4m7!4m6!1m1!4e2!1m2!1m1!1s0x30da3a89dde356f5:0xa8e9df0a32571ee1!3e0"", 'placeUri': 'https://maps.google.com/?cid=12171504702832713441', 'writeAReviewUri': 'https://www.google.com/maps/place//data=!4m3!3m2!1s0x30da3a89dde356f5:0xa8e9df0a32571ee1!12e1', 'reviewsUri': 'https://www.google.com/maps/place//data=!4m4!3m3!1s0x30da3a89dde356f5:0xa8e9df0a32571ee1!9m1!1b1', 'photosUri': 'https://www.google.com/maps/place//data=!4m3!3m2!1s0x30da3a89dde356f5:0xa8e9df0a32571ee1!10e5'}",True,Accepts Credit Cards & Not Accepts Cash Only,True,Moderate,True,False,True,,True,False,Between 100 and 200 THB,True,True,True,True,False,True,True,False,False,True,True,,,
places/ChIJ7ZMzGIw62jARMdc3g4pLrWs,ChIJ7ZMzGIw62jARMdc3g4pLrWs,"Thai Restaurant, Restaurant, Food, Point Of Interest, Establishment",+66 98 261 8029,"24 Soi Ratchaphuek, Tambon Chang Phueak, Amphoe Mueang Chiang Mai, Chang Wat Chiang Mai 50300","ละติจูด: 18.7998592, ลองติจูด: 98.9756064",4.3,https://maps.google.com/?cid=7758940791308277553,http://www.huenmuanjai2554.com/,"Open on: Monday (11:00 AM – 3:00 PM, 5:00 – 9:00 PM), Tuesday (11:00 AM – 3:00 PM, 5:00 – 9:00 PM), Thursday (11:00 AM – 3:00 PM, 5:00 – 9:00 PM), Friday (11:00 AM – 3:00 PM, 5:00 – 9:00 PM), Saturday (11:00 AM – 3:00 PM, 5:00 – 9:00 PM), Sunday (11:00 AM – 3:00 PM, 5:00 – 9:00 PM). Closed on: Wednesday.",4092,Huen Muan Jai,Thai Restaurant,Well-known cafe serving traditional local fare in a restored wooden villa that has a garden.,"{'freeParkingLot': True, 'paidParkingLot': False, 'freeStreetParking': True, 'paidStreetParking': False}",Support Wheelchair Accessible Restroom & Not support Wheelchair Accessible Seating,"{'landmarks': [{'name': 'places/ChIJo-9tJYw62jAR0dqcgLCfdFI', 'placeId': 'ChIJo-9tJYw62jAR0dqcgLCfdFI', 'displayName': {'text': 'B2 Green Boutique & Budget Hotel', 'languageCode': 'en'}, 'types': ['clothing_store', 'establishment', 'lodging', 'point_of_interest', 'store'], 'spatialRelationship': 'AROUND_THE_CORNER', 'straightLineDistanceMeters': 69.12274, 'travelDistanceMeters': 355.6039}, {'name': 'places/ChIJqcysHow62jAR6ElsdYpG8EU', 'placeId': 'ChIJqcysHow62jAR6ElsdYpG8EU', 'displayName': {'text': 'Khao Soi Maesai', 'languageCode': 'en'}, 'types': ['establishment', 'food', 'point_of_interest', 'restaurant'], 'spatialRelationship': 'ACROSS_THE_ROAD', 'straightLineDistanceMeters': 40.758846, 'travelDistanceMeters': 38.314396}, {'name': 'places/ChIJ51kfrY462jAR8NbGLmOxtbk', 'placeId': 'ChIJ51kfrY462jAR8NbGLmOxtbk', 'displayName': {'text': 'Nakornping Condominium', 'languageCode': 'en'}, 'types': ['establishment', 'point_of_interest'], 'spatialRelationship': 'DOWN_THE_ROAD', 'straightLineDistanceMeters': 179.58763, 'travelDistanceMeters': 243.34654}, {'name': 'places/ChIJfVxzSok62jARMdPy0zCMXgg', 'placeId': 'ChIJfVxzSok62jARMdPy0zCMXgg', 'displayName': {'text': 'Shell', 'languageCode': 'en'}, 'types': ['atm', 'car_wash', 'convenience_store', 'establishment', 'finance', 'food', 'gas_station', 'point_of_interest', 'restaurant', 'store'], 'straightLineDistanceMeters': 277.1553, 'travelDistanceMeters': 349.68317}, {'name': 'places/ChIJ77VOGYw62jARWrmRFuUnCHs', 'placeId': 'ChIJ77VOGYw62jARWrmRFuUnCHs', 'displayName': {'text': 'Yokojung Yogurt', 'languageCode': 'en'}, 'types': ['cafe', 'establishment', 'food', 'point_of_interest', 'restaurant', 'store'], 'spatialRelationship': 'ACROSS_THE_ROAD', 'straightLineDistanceMeters': 31.629534, 'travelDistanceMeters': 29.611607}], 'areas': [{'name': 'places/ChIJidwaQjc62jARQIqL-sVGAwQ', 'placeId': 'ChIJidwaQjc62jARQIqL-sVGAwQ', 'displayName': {'text': 'Chang Phueak', 'languageCode': 'en'}, 'containment': 'OUTSKIRTS'}]}","{'directionsUri': ""https://www.google.com/maps/dir//''/data=!4m7!4m6!1m1!4e2!1m2!1m1!1s0x30da3a8c183393ed:0x6bad4b8a8337d731!3e0"", 'placeUri': 'https://maps.google.com/?cid=7758940791308277553', 'writeAReviewUri': 'https://www.google.com/maps/place//data=!4m3!3m2!1s0x30da3a8c183393ed:0x6bad4b8a8337d731!12e1', 'reviewsUri': 'https://www.google.com/maps/place//data=!4m4!3m3!1s0x30da3a8c183393ed:0x6bad4b8a8337d731!9m1!1b1', 'photosUri': 'https://www.google.com/maps/place//data=!4m3!3m2!1s0x30da3a8c183393ed:0x6bad4b8a8337d731!10e5'}",True,Accepts Credit Cards & Not Accepts Cash Only & acceptsNfc,True,Moderate,True,,True,True,True,,Between 200 and 300 THB,True,True,True,True,False,True,True,False,False,True,True,True,,
places/ChIJCfx-imI62jAROS3ac08yq_U,ChIJCfx-imI62jAROS3ac08yq_U,"Thai Restaurant, Restaurant, Food, Point Of Interest, Establishment",,"11 Nimmana Haeminda Rd Lane 13, Tambon Su Thep, Amphoe Mueang Chiang Mai, Chang Wat Chiang Mai 50200","ละติจูด: 18.7966507, ลองติจูด: 98.96773730000001",4.2,https://maps.google.com/?cid=17702298077137349945,https://www.facebook.com/TongTemToh/,"Open on: Monday (8:00 AM – 11:00 PM), Tuesday (8:00 AM – 11:00 PM), Wednesday (8:00 AM – 11:00 PM), Thursday (8:00 AM – 11:00 PM), Friday (8:00 AM – 11:00 PM), Saturday (8:00 AM – 11:00 PM), Sunday (8:00 AM – 11:00 PM).",6045,Tong Tem Toh,Thai Restaurant,"Curries, spicy vegetable soups & other classic offerings in a spacious venue with a leafy terrace.",{'paidParkingLot': False},Not support Wheelchair Accessible Parking & Not support Wheelchair Accessible Seating,"{'landmarks': [{'name': 'places/ChIJmRR5iGI62jARfoBN72WFOZQ', 'placeId': 'ChIJmRR5iGI62jARfoBN72WFOZQ', 'displayName': {'text': 'New York New York Hair Studio', 'languageCode': 'en'}, 'types': ['establishment', 'hair_care', 'point_of_interest'], 'spatialRelationship': 'DOWN_THE_ROAD', 'straightLineDistanceMeters': 41.41194, 'travelDistanceMeters': 40.90192}, {'name': 'places/ChIJjxhJGyw72jAROHiyymvfGjI', 'placeId': 'ChIJjxhJGyw72jAROHiyymvfGjI', 'displayName': {'text': 'นอนนิมมาน 13', 'languageCode': 'th'}, 'types': ['establishment', 'lodging', 'point_of_interest'], 'spatialRelationship': 'ACROSS_THE_ROAD', 'straightLineDistanceMeters': 21.116278, 'travelDistanceMeters': 10.469276}, {'name': 'places/ChIJt34A9WI62jARyJRXq-p2c88', 'placeId': 'ChIJt34A9WI62jARyJRXq-p2c88', 'displayName': {'text': 'Hug Nimman hotel', 'languageCode': 'en'}, 'types': ['establishment', 'lodging', 'point_of_interest'], 'spatialRelationship': 'ACROSS_THE_ROAD', 'straightLineDistanceMeters': 44.580097, 'travelDistanceMeters': 37.133263}, {'name': 'places/ChIJZQIuYWI62jARljfhqEo0xHU', 'placeId': 'ChIJZQIuYWI62jARljfhqEo0xHU', 'displayName': {'text': 'Why Not? Italian Restaurant & Wine bar', 'languageCode': 'en'}, 'types': ['bar', 'establishment', 'food', 'liquor_store', 'point_of_interest', 'restaurant', 'store'], 'spatialRelationship': 'BESIDE', 'straightLineDistanceMeters': 24.146116, 'travelDistanceMeters': 179.17078}, {'name': 'places/ChIJwcdPcmI62jARRr6JEaABWLQ', 'placeId': 'ChIJwcdPcmI62jARRr6JEaABWLQ', 'displayName': {'text': 'May Flower Grande Hotel', 'languageCode': 'en'}, 'types': ['establishment', 'lodging', 'point_of_interest'], 'spatialRelationship': 'AROUND_THE_CORNER', 'straightLineDistanceMeters': 149.07182, 'travelDistanceMeters': 220.86919}], 'areas': [{'name': 'places/ChIJ_T7SzGM62jARlKu0BQcTc9w', 'placeId': 'ChIJ_T7SzGM62jARlKu0BQcTc9w', 'displayName': {'text': 'Nimmanhaemin', 'languageCode': 'th'}, 'containment': 'WITHIN'}, {'name': 'places/ChIJowZ6sv452jARUIqL-sVGAwQ', 'placeId': 'ChIJowZ6sv452jARUIqL-sVGAwQ', 'displayName': {'text': 'Suthep', 'languageCode': 'en'}, 'containment': 'OUTSKIRTS'}]}","{'directionsUri': ""https://www.google.com/maps/dir//''/data=!4m7!4m6!1m1!4e2!1m2!1m1!1s0x30da3a628a7efc09:0xf5ab324f73da2d39!3e0"", 'placeUri': 'https://maps.google.com/?cid=17702298077137349945', 'writeAReviewUri': 'https://www.google.com/maps/place//data=!4m3!3m2!1s0x30da3a628a7efc09:0xf5ab324f73da2d39!12e1', 'reviewsUri': 'https://www.google.com/maps/place//data=!4m4!3m3!1s0x30da3a628a7efc09:0xf5ab324f73da2d39!9m1!1b1', 'photosUri': 'https://www.google.com/maps/place//data=!4m3!3m2!1s0x30da3a628a7efc09:0xf5ab324f73da2d39!10e5'}",True,Accepts Credit Cards & Not Accepts Cash Only & acceptsNfc,False,Inexpensive,False,,True,True,True,False,Between 100 and 300 THB,True,True,True,True,False,True,True,False,False,False,True,True,False,
places/ChIJ61iS53062jARdlXpw3EiusM,ChIJ61iS53062jARdlXpw3EiusM,"Tourist Attraction, Place Of Worship, Point Of Interest, Establishment",+66 90 224 7220,"139 Suthep Rd, Tambon Su Thep, Amphoe Mueang Chiang Mai, Chang Wat Chiang Mai 50200","ละติจูด: 18.7882387, ลองติจูด: 98.9677619",4.6,https://maps.google.com/?cid=14103623055077627254,https://www.facebook.com/watsuandokcnx,"Open on: Monday (6:00 AM – 6:00 PM), Tuesday (6:00 AM – 6:00 PM), Wednesday (6:00 AM – 6:00 PM), Thursday (6:00 AM – 6:00 PM), Friday (6:00 AM – 6:00 PM), Saturday (6:00 AM – 6:00 PM), Sunday (6:00 AM – 6:00 PM).",3916,Wat Suan Dok,Place of Worship,"Buddhist temple in tranquil surrounds with a golden dome, ornate interior & historic mausoleum.",,Support Wheelchair Accessible Parking & Support Wheelchair Accessible Entrance & Support Wheelchair Accessible Restroom & Support Wheelchair Accessible Seating,"{'landmarks': [{'name': 'places/ChIJtRBG53062jARU8WpU5fw4Js', 'placeId': 'ChIJtRBG53062jARU8WpU5fw4Js', 'displayName': {'text': 'Mahachulalongkornrajavidyalaya University Chiang Mai Campus', 'languageCode': 'en'}, 'types': ['establishment', 'point_of_interest', 'university'], 'spatialRelationship': 'WITHIN', 'straightLineDistanceMeters': 31.10122, 'travelDistanceMeters': 29.98536}, {'name': 'places/ChIJSftHjX062jARZS8Zj0a2eho', 'placeId': 'ChIJSftHjX062jARZS8Zj0a2eho', 'displayName': {'text': 'MONK CHAT OFFICE', 'languageCode': 'th'}, 'types': ['establishment', 'point_of_interest'], 'spatialRelationship': 'AROUND_THE_CORNER', 'straightLineDistanceMeters': 118.77917, 'travelDistanceMeters': 150.0141}, {'name': 'places/ChIJeb1Kmn062jARkzRI5f2OYKs', 'placeId': 'ChIJeb1Kmn062jARkzRI5f2OYKs', 'displayName': {'text': 'Faculty of Dentistry, Chiang Mai University', 'languageCode': 'en'}, 'types': ['dentist', 'establishment', 'health', 'point_of_interest'], 'straightLineDistanceMeters': 158.66336, 'travelDistanceMeters': 273.26944}, {'name': 'places/ChIJ7aPutX062jARSuM_6wrhdIQ', 'placeId': 'ChIJ7aPutX062jARSuM_6wrhdIQ', 'displayName': {'text': 'Krungthai Bank', 'languageCode': 'en'}, 'types': ['bank', 'establishment', 'finance', 'point_of_interest'], 'straightLineDistanceMeters': 207.52576, 'travelDistanceMeters': 311.1621}, {'name': 'places/ChIJl10Go4862jARSu0DlyeydLM', 'placeId': 'ChIJl10Go4862jARSu0DlyeydLM', 'displayName': {'text': 'Chiang Mai Neurological Hospital', 'languageCode': 'en'}, 'types': ['establishment', 'health', 'hospital', 'point_of_interest'], 'straightLineDistanceMeters': 229.24695, 'travelDistanceMeters': 303.33224}], 'areas': [{'name': 'places/ChIJqTz773062jARu7hiJQyn8XI', 'placeId': 'ChIJqTz773062jARu7hiJQyn8XI', 'displayName': {'text': 'Parking lot', 'languageCode': 'en'}, 'containment': 'OUTSKIRTS'}, {'name': 'places/ChIJtRBG53062jARqyqaitHdODM', 'placeId': 'ChIJtRBG53062jARqyqaitHdODM', 'displayName': {'text': 'Mahachulalongkornrajavidyalaya University Chiang Mai Campus', 'languageCode': 'en'}, 'containment': 'WITHIN'}, {'name': 'places/ChIJowZ6sv452jARUIqL-sVGAwQ', 'placeId': 'ChIJowZ6sv452jARUIqL-sVGAwQ', 'displayName': {'text': 'Suthep', 'languageCode': 'en'}, 'containment': 'WITHIN'}]}","{'directionsUri': ""https://www.google.com/maps/dir//''/data=!4m7!4m6!1m1!4e2!1m2!1m1!1s0x30da3a7de79258eb:0xc3ba2271c3e95576!3e0"", 'placeUri': 'https://maps.google.com/?cid=14103623055077627254', 'writeAReviewUri': 'https://www.google.com/maps/place//data=!4m3!3m2!1s0x30da3a7de79258eb:0xc3ba2271c3e95576!12e1', 'reviewsUri': 'https://www.google.com/maps/place//data=!4m4!3m3!1s0x30da3a7de79258eb:0xc3ba2271c3e95576!9m1!1b1', 'photosUri': 'https://www.google.com/maps/place//data=!4m3!3m2!1s0x30da3a7de79258eb:0xc3ba2271c3e95576!10e5'}",True,No data for payments options.,,No data for price level,,,,,,,Price range not specified,,,,,,,,,,,,,,
places/ChIJMVzfImM62jARFvgBR2MjagI,ChIJMVzfImM62jARFvgBR2MjagI,"Night Club, Point Of Interest, Establishment",+66 53 400 677,"40 Nimmanahaeminda Road, Tambon Su Thep, Amphoe Mueang Chiang Mai, Chang Wat Chiang Mai 50200","ละติจูด: 18.795170799999998, ลองติจูด: 98.9654008",4.3,https://maps.google.com/?cid=173990444907231254,https://www.facebook.com/warmupcafe1999,"Open on: Monday (7:00 PM – 2:00 AM), Tuesday (7:00 PM – 2:00 AM), Wednesday (7:00 PM – 2:00 AM), Thursday (7:00 PM – 2:00 AM), Friday (7:00 PM – 2:00 AM), Saturday (7:00 PM – 2:00 AM), Sunday (7:00 PM – 2:00 AM).",2482,Warm Up Cafe,Night Club,This bar & nightspot features a selection of areas in which to enjoy DJs playing EDM & live music.,{'freeParkingLot': True},,"{'landmarks': [{'name': 'places/ChIJGfsJK2M62jARy-ir6m5rOvE', 'placeId': 'ChIJGfsJK2M62jARy-ir6m5rOvE', 'displayName': {'text': 'Dang Bakery', 'languageCode': 'en'}, 'types': ['bakery', 'establishment', 'food', 'point_of_interest', 'store'], 'spatialRelationship': 'BESIDE', 'straightLineDistanceMeters': 10.400344, 'travelDistanceMeters': 9.776241}, {'name': 'places/ChIJXe5ZLWM62jARCGnyUp0tUTc', 'placeId': 'ChIJXe5ZLWM62jARCGnyUp0tUTc', 'displayName': {'text': 'Princess Mothers Health Garden', 'languageCode': 'en'}, 'types': ['establishment', 'park', 'point_of_interest'], 'straightLineDistanceMeters': 203.96901, 'travelDistanceMeters': 251.71}, {'name': 'places/ChIJD0vvymI62jARAlbjJeIN5bU', 'placeId': 'ChIJD0vvymI62jARAlbjJeIN5bU', 'displayName': {'text': 'UNISERV CMU', 'languageCode': 'en'}, 'types': ['establishment', 'point_of_interest'], 'spatialRelationship': 'AROUND_THE_CORNER', 'straightLineDistanceMeters': 167.95435, 'travelDistanceMeters': 210.11581}, {'name': 'places/ChIJ4Vkg_mI62jARt2iooxOh7XE', 'placeId': 'ChIJ4Vkg_mI62jARt2iooxOh7XE', 'displayName': {'text': 'Subway - Sandwich Restaurants Burger ร้านอาหาร นิมมาน', 'languageCode': 'en'}, 'types': ['cafe', 'establishment', 'food', 'health', 'point_of_interest', 'restaurant', 'store'], 'spatialRelationship': 'DOWN_THE_ROAD', 'straightLineDistanceMeters': 146.05417, 'travelDistanceMeters': 145.93886}, {'name': 'places/ChIJCUkU32I62jARMLL8h1dnQ-g', 'placeId': 'ChIJCUkU32I62jARMLL8h1dnQ-g', 'displayName': {'text': 'Nimman House massage', 'languageCode': 'en'}, 'types': ['establishment', 'point_of_interest', 'spa'], 'spatialRelationship': 'DOWN_THE_ROAD', 'straightLineDistanceMeters': 60.227116, 'travelDistanceMeters': 65.91988}], 'areas': [{'name': 'places/ChIJowZ6sv452jARUIqL-sVGAwQ', 'placeId': 'ChIJowZ6sv452jARUIqL-sVGAwQ', 'displayName': {'text': 'Suthep', 'languageCode': 'en'}, 'containment': 'WITHIN'}, {'name': 'places/ChIJ_T7SzGM62jARlKu0BQcTc9w', 'placeId': 'ChIJ_T7SzGM62jARlKu0BQcTc9w', 'displayName': {'text': 'Nimmanhaemin', 'languageCode': 'th'}, 'containment': 'NEAR'}]}","{'directionsUri': ""https://www.google.com/maps/dir//''/data=!4m7!4m6!1m1!4e2!1m2!1m1!1s0x30da3a6322df5c31:0x26a23634701f816!3e0"", 'placeUri': 'https://maps.google.com/?cid=173990444907231254', 'writeAReviewUri': 'https://www.google.com/maps/place//data=!4m3!3m2!1s0x30da3a6322df5c31:0x26a23634701f816!12e1', 'reviewsUri': 'https://www.google.com/maps/place//data=!4m4!3m3!1s0x30da3a6322df5c31:0x26a23634701f816!9m1!1b1', 'photosUri': 'https://www.google.com/maps/place//data=!4m3!3m2!1s0x30da3a6322df5c31:0x26a23634701f816!10e5'}",True,Accepts Credit Cards & Not Accepts Cash Only & acceptsNfc,False,Moderate,,False,True,,,,Price range not specified,,,,True,True,,True,True,True,,True,True,,
places/ChIJ0fNxC2M62jARLXYgd0ReZDc,ChIJ0fNxC2M62jARLXYgd0ReZDc,"Hotel, Lodging, Point Of Interest, Establishment",+66 53 222 111,"44/1-4 Nimmanahaeminda Road, Tambon Su Thep, Amphoe Mueang Chiang Mai, Chang Wat Chiang Mai 50200","ละติจูด: 18.7961497, ลองติจูด: 98.96403060000002",4.5,https://maps.google.com/?cid=3991418817906505261,http://www.kantarycollection.com/kantaryhills-chiangmai/,This place is open 24 hours every day.,1994,"Kantary Hills Hotel, Chiang Mai",Hotel,"Ultrachic hotel offering free breakfast, a sleek restaurant & an outdoor pool, plus a gym & a sauna.",,Support Wheelchair Accessible Parking & Support Wheelchair Accessible Entrance,"{'landmarks': [{'name': 'places/ChIJc7Ocqmg62jARyZEak7FUXWg', 'placeId': 'ChIJc7Ocqmg62jARyZEak7FUXWg', 'displayName': {'text': '103 Condominium 2', 'languageCode': 'en'}, 'types': ['establishment', 'point_of_interest'], 'straightLineDistanceMeters': 76.17957, 'travelDistanceMeters': 130.88026}, {'name': 'places/ChIJPy4RXpYw2jARjJQOSUI3CdY', 'placeId': 'ChIJPy4RXpYw2jARjJQOSUI3CdY', 'displayName': {'text': 'At Pingnakorn Nimman Chiangmai Hotel', 'languageCode': 'en'}, 'types': ['establishment', 'lodging', 'point_of_interest'], 'spatialRelationship': 'AROUND_THE_CORNER', 'straightLineDistanceMeters': 75.56369, 'travelDistanceMeters': 126.74715}, {'name': 'places/ChIJS2ytCWM62jARPaXJIr4baxA', 'placeId': 'ChIJS2ytCWM62jARPaXJIr4baxA', 'displayName': {'text': 'Hillside Condo 3', 'languageCode': 'en'}, 'types': ['establishment', 'point_of_interest'], 'straightLineDistanceMeters': 105.0324, 'travelDistanceMeters': 401.1743}, {'name': 'places/ChIJMVzfImM62jARFvgBR2MjagI', 'placeId': 'ChIJMVzfImM62jARFvgBR2MjagI', 'displayName': {'text': 'Warm Up Cafe', 'languageCode': 'en'}, 'types': ['establishment', 'night_club', 'point_of_interest'], 'straightLineDistanceMeters': 180.67496, 'travelDistanceMeters': 268.59018}, {'name': 'places/ChIJD0vvymI62jARAlbjJeIN5bU', 'placeId': 'ChIJD0vvymI62jARAlbjJeIN5bU', 'displayName': {'text': 'UNISERV CMU', 'languageCode': 'en'}, 'types': ['establishment', 'point_of_interest'], 'straightLineDistanceMeters': 354.00183, 'travelDistanceMeters': 478.71143}], 'areas': [{'name': 'places/ChIJ_T7SzGM62jARlKu0BQcTc9w', 'placeId': 'ChIJ_T7SzGM62jARlKu0BQcTc9w', 'displayName': {'text': 'Nimmanhaemin', 'languageCode': 'th'}, 'containment': 'OUTSKIRTS'}, {'name': 'places/ChIJowZ6sv452jARUIqL-sVGAwQ', 'placeId': 'ChIJowZ6sv452jARUIqL-sVGAwQ', 'displayName': {'text': 'Suthep', 'languageCode': 'en'}, 'containment': 'WITHIN'}]}","{'directionsUri': ""https://www.google.com/maps/dir//''/data=!4m7!4m6!1m1!4e2!1m2!1m1!1s0x30da3a630b71f3d1:0x37645e447720762d!3e0"", 'placeUri': 'https://maps.google.com/?cid=3991418817906505261', 'writeAReviewUri': 'https://www.google.com/maps/place//data=!4m3!3m2!1s0x30da3a630b71f3d1:0x37645e447720762d!12e1', 'reviewsUri': 'https://www.google.com/maps/place//data=!4m4!3m3!1s0x30da3a630b71f3d1:0x37645e447720762d!9m1!1b1', 'photosUri': 'https://www.google.com/maps/place//data=!4m3!3m2!1s0x30da3a630b71f3d1:0x37645e447720762d!10e5'}",,Accepts Credit Cards,True,No data for price level,,,,,,,Price range not specified,,,,,,,,,,,,,,
places/ChIJVVVVVZY62jARfjLKMtSTh_0,ChIJVVVVVZY62jARfjLKMtSTh_0,"Hospital, Health, Point Of Interest, Establishment",+66 53 936 900,"110, 392 Siri Mangkalajarn Rd, Tambon Si Phum, Amphoe Mueang Chiang Mai, Chang Wat Chiang Mai 50200","ละติจูด: 18.7905218, ลองติจูด: 98.97070169999999",4.9,https://maps.google.com/?cid=18268732953046168190,https://sriphat.med.cmu.ac.th/en/home,"Open on: Monday (6:30 AM – 8:00 PM), Tuesday (6:30 AM – 8:00 PM), Wednesday (6:30 AM – 8:00 PM), Thursday (6:30 AM – 8:00 PM), Friday (6:30 AM – 8:00 PM), Saturday (6:30 AM – 8:00 PM), Sunday (6:30 AM – 8:00 PM).",12754,Sriphat Medical Center,Hospital,,,Support Wheelchair Accessible Parking & Support Wheelchair Accessible Entrance & Support Wheelchair Accessible Restroom,"{'landmarks': [{'name': 'places/ChIJoRmWloc62jARD90qamyhB-4', 'placeId': 'ChIJoRmWloc62jARD90qamyhB-4', 'displayName': {'text': 'Suandok Dormitory, Chiang Mai University', 'languageCode': 'en'}, 'types': ['establishment', 'point_of_interest'], 'straightLineDistanceMeters': 82.72959, 'travelDistanceMeters': 197.22115}, {'name': 'places/ChIJl10Go4862jARSu0DlyeydLM', 'placeId': 'ChIJl10Go4862jARSu0DlyeydLM', 'displayName': {'text': 'Chiang Mai Neurological Hospital', 'languageCode': 'en'}, 'types': ['establishment', 'health', 'hospital', 'point_of_interest'], 'straightLineDistanceMeters': 202.7748, 'travelDistanceMeters': 370.25244}, {'name': 'places/ChIJU6ochIY62jARDl9lhKLE980', 'placeId': 'ChIJU6ochIY62jARDl9lhKLE980', 'displayName': {'text': 'Maharaj Nakorn Chiang Mai Hospital', 'languageCode': 'en'}, 'types': ['establishment', 'health', 'hospital', 'point_of_interest'], 'straightLineDistanceMeters': 369.36002, 'travelDistanceMeters': 243.23705}, {'name': 'places/ChIJX7cRFR872jARxdt0MuaoHEs', 'placeId': 'ChIJX7cRFR872jARxdt0MuaoHEs', 'displayName': {'text': 'haloo tokyo', 'languageCode': 'th'}, 'types': ['bakery', 'establishment', 'food', 'point_of_interest', 'store'], 'spatialRelationship': 'ACROSS_THE_ROAD', 'straightLineDistanceMeters': 55.271378, 'travelDistanceMeters': 43.439995}, {'name': 'places/ChIJcWcglIY62jARO3B2_ekpniA', 'placeId': 'ChIJcWcglIY62jARO3B2_ekpniA', 'displayName': {'text': 'Faculty of Medicine, Chiang Mai University', 'languageCode': 'en'}, 'types': ['doctor', 'establishment', 'health', 'point_of_interest', 'university'], 'straightLineDistanceMeters': 296.34702, 'travelDistanceMeters': 447.45605}], 'areas': [{'name': 'places/ChIJowZ6sv452jARUIqL-sVGAwQ', 'placeId': 'ChIJowZ6sv452jARUIqL-sVGAwQ', 'displayName': {'text': 'Suthep', 'languageCode': 'en'}, 'containment': 'WITHIN'}, {'name': 'places/ChIJNQOm-oY62jARTFrrCbIclzg', 'placeId': 'ChIJNQOm-oY62jARTFrrCbIclzg', 'displayName': {'text': 'Suandok Park', 'languageCode': 'th'}, 'containment': 'NEAR'}, {'name': 'places/ChIJ0cQMiIY62jARQ3pJcVCORec', 'placeId': 'ChIJ0cQMiIY62jARQ3pJcVCORec', 'displayName': {'text': 'ฝ่ายการพยาบาล โรงพยาบาลมหาราชนครเชียงใหม่', 'languageCode': 'th'}, 'containment': 'NEAR'}]}","{'directionsUri': ""https://www.google.com/maps/dir//''/data=!4m7!4m6!1m1!4e2!1m2!1m1!1s0x30da3a9655555555:0xfd8793d432ca327e!3e0"", 'placeUri': 'https://maps.google.com/?cid=18268732953046168190', 'writeAReviewUri': 'https://www.google.com/maps/place//data=!4m3!3m2!1s0x30da3a9655555555:0xfd8793d432ca327e!12e1', 'reviewsUri': 'https://www.google.com/maps/place//data=!4m4!3m3!1s0x30da3a9655555555:0xfd8793d432ca327e!9m1!1b1', 'photosUri': 'https://www.google.com/maps/place//data=!4m3!3m2!1s0x30da3a9655555555:0xfd8793d432ca327e!10e5'}",True,No data for payments options.,,No data for price level,,,,,,,Price range not specified,,,,,,,,,,,,,,"[{'name': 'places/ChIJZfeB_YY62jARucfPe4oDxxE', 'id': 'ChIJZfeB_YY62jARucfPe4oDxxE'}]"
places/ChIJA7SL42E62jARIlkSgM1kXaY,ChIJA7SL42E62jARIlkSgM1kXaY,"Hotel, Lodging, Point Of Interest, Establishment",+66 52 005 111,"Nimmana Haeminda Rd Lane 1, Tambon Su Thep, Amphoe Mueang Chiang Mai, Chang Wat Chiang Mai 50200","ละติจูด: 18.8006605, ลองติจูด: 98.96801889999999",4.6,https://maps.google.com/?cid=11987848616909887778,https://www.uhotelsresorts.com/unimmanchiangmai/,This place is open 24 hours every day.,2107,U Nimman Chiang Mai,Hotel,"Contemporary rooms & suites in a hip hotel with free breakfast, plus 2 bars, a rooftop pool & a gym.",,Support Wheelchair Accessible Parking & Support Wheelchair Accessible Entrance,"{'landmarks': [{'name': 'places/ChIJ8QdNKPU72jARtz_iHmA6_zk', 'placeId': 'ChIJ8QdNKPU72jARtz_iHmA6_zk', 'displayName': {'text': 'One Nimman', 'languageCode': 'en'}, 'types': ['establishment', 'point_of_interest', 'shopping_mall'], 'spatialRelationship': 'DOWN_THE_ROAD', 'straightLineDistanceMeters': 23.426794, 'travelDistanceMeters': 27.66968}, {'name': 'places/ChIJC1o2yWE62jARfjKPh-dUjiQ', 'placeId': 'ChIJC1o2yWE62jARfjKPh-dUjiQ', 'displayName': {'text': 'MAYA Lifestyle Shopping Center', 'languageCode': 'en'}, 'types': ['establishment', 'point_of_interest', 'shopping_mall'], 'straightLineDistanceMeters': 197.18958, 'travelDistanceMeters': 220.7829}, {'name': 'places/ChIJU1P77WE62jAR3ViiZOa6Nrk', 'placeId': 'ChIJU1P77WE62jAR3ViiZOa6Nrk', 'displayName': {'text': 'FREITAG Store by Pronto Chiang Mai', 'languageCode': 'en'}, 'types': ['establishment', 'point_of_interest', 'shopping_mall'], 'spatialRelationship': 'DOWN_THE_ROAD', 'straightLineDistanceMeters': 38.176468, 'travelDistanceMeters': 55.823883}, {'name': 'places/ChIJb2Ob3hE72jARufqiCu4qT6o', 'placeId': 'ChIJb2Ob3hE72jARufqiCu4qT6o', 'displayName': {'text': 'Think Park Night Market', 'languageCode': 'en'}, 'types': ['establishment', 'point_of_interest'], 'spatialRelationship': 'DOWN_THE_ROAD', 'straightLineDistanceMeters': 82.0099, 'travelDistanceMeters': 87.24957}, {'name': 'places/ChIJI9vD85472jAR8YNX-2A77Pg', 'placeId': 'ChIJI9vD85472jAR8YNX-2A77Pg', 'displayName': {'text': 'Think Park', 'languageCode': 'en'}, 'types': ['establishment', 'point_of_interest', 'shopping_mall'], 'spatialRelationship': 'DOWN_THE_ROAD', 'straightLineDistanceMeters': 79.88656, 'travelDistanceMeters': 93.32943}], 'areas': [{'name': 'places/ChIJ_T7SzGM62jARlKu0BQcTc9w', 'placeId': 'ChIJ_T7SzGM62jARlKu0BQcTc9w', 'displayName': {'text': 'Nimmanhaemin', 'languageCode': 'th'}, 'containment': 'WITHIN'}, {'name': 'places/ChIJowZ6sv452jARUIqL-sVGAwQ', 'placeId': 'ChIJowZ6sv452jARUIqL-sVGAwQ', 'displayName': {'text': 'Suthep', 'languageCode': 'en'}, 'containment': 'OUTSKIRTS'}, {'name': 'places/ChIJidwaQjc62jARQIqL-sVGAwQ', 'placeId': 'ChIJidwaQjc62jARQIqL-sVGAwQ', 'displayName': {'text': 'Chang Phueak', 'languageCode': 'en'}, 'containment': 'NEAR'}]}","{'directionsUri': ""https://www.google.com/maps/dir//''/data=!4m7!4m6!1m1!4e2!1m2!1m1!1s0x30da3a61e38bb403:0xa65d64cd80125922!3e0"", 'placeUri': 'https://maps.google.com/?cid=11987848616909887778', 'writeAReviewUri': 'https://www.google.com/maps/place//data=!4m3!3m2!1s0x30da3a61e38bb403:0xa65d64cd80125922!12e1', 'reviewsUri': 'https://www.google.com/maps/place//data=!4m4!3m3!1s0x30da3a61e38bb403:0xa65d64cd80125922!9m1!1b1', 'photosUri': 'https://www.google.com/maps/place//data=!4m3!3m2!1s0x30da3a61e38bb403:0xa65d64cd80125922!10e5'}",,Accepts Credit Cards,True,No data for price level,,,,,,False,Price range not specified,,,,,,,,,,,,,,
places/ChIJW5BuSpg72jARy3I0_sUBU2k,ChIJW5BuSpg72jARy3I0_sUBU2k,"Pub, Bar, Point Of Interest, Establishment",+66 83 204 7881,"73 ถนนคลองชลประทาน Tambon Su Thep, Amphoe Mueang Chiang Mai, Chang Wat Chiang Mai 50200","ละติจูด: 18.797119, ลองติจูด: 98.96406119999999",4.5,https://maps.google.com/?cid=7589411746934452939,,"Open on: Monday (7:00 PM – 3:30 AM), Tuesday (7:00 PM – 3:30 AM), Wednesday (7:00 PM – 3:30 AM), Thursday (7:00 PM – 3:30 AM), Friday (7:00 PM – 3:30 AM), Saturday (7:00 PM – 3:30 AM), Sunday (7:00 PM – 3:30 AM).",697,Tawandang Mahason Chiang Mai,Pub,,"{'freeParkingLot': True, 'paidParkingLot': True, 'freeStreetParking': True}",Support Wheelchair Accessible Parking & Support Wheelchair Accessible Entrance & Support Wheelchair Accessible Restroom,"{'landmarks': [{'name': 'places/ChIJY_-4qmM62jARvu6IPifgowI', 'placeId': 'ChIJY_-4qmM62jARvu6IPifgowI', 'displayName': {'text': 'Hillside Condo 2', 'languageCode': 'th'}, 'types': ['establishment', 'point_of_interest'], 'spatialRelationship': 'DOWN_THE_ROAD', 'straightLineDistanceMeters': 214.40247, 'travelDistanceMeters': 246.43695}, {'name': 'places/ChIJP9CRi2M62jARhFyVFFKct8k', 'placeId': 'ChIJP9CRi2M62jARhFyVFFKct8k', 'displayName': {'text': 'infinity club', 'languageCode': 'en'}, 'types': ['establishment', 'food', 'night_club', 'point_of_interest', 'restaurant'], 'straightLineDistanceMeters': 146.58762, 'travelDistanceMeters': 150.8959}, {'name': 'places/ChIJS2ytCWM62jARPaXJIr4baxA', 'placeId': 'ChIJS2ytCWM62jARPaXJIr4baxA', 'displayName': {'text': 'Hillside Condo 3', 'languageCode': 'en'}, 'types': ['establishment', 'point_of_interest'], 'spatialRelationship': 'DOWN_THE_ROAD', 'straightLineDistanceMeters': 126.63621, 'travelDistanceMeters': 158.78197}, {'name': 'places/ChIJFyLsAWM62jARcUBnCq_MnJo', 'placeId': 'ChIJFyLsAWM62jARcUBnCq_MnJo', 'displayName': {'text': 'Baiyoke Ciao Hotel', 'languageCode': 'en'}, 'types': ['establishment', 'lodging', 'point_of_interest'], 'spatialRelationship': 'DOWN_THE_ROAD', 'straightLineDistanceMeters': 189.84894, 'travelDistanceMeters': 253.1319}, {'name': 'places/ChIJMVzfImM62jARFvgBR2MjagI', 'placeId': 'ChIJMVzfImM62jARFvgBR2MjagI', 'displayName': {'text': 'Warm Up Cafe', 'languageCode': 'en'}, 'types': ['establishment', 'night_club', 'point_of_interest'], 'straightLineDistanceMeters': 266.70898, 'travelDistanceMeters': 415.76038}], 'areas': [{'name': 'places/ChIJ_T7SzGM62jARlKu0BQcTc9w', 'placeId': 'ChIJ_T7SzGM62jARlKu0BQcTc9w', 'displayName': {'text': 'Nimmanhaemin', 'languageCode': 'th'}, 'containment': 'WITHIN'}, {'name': 'places/ChIJowZ6sv452jARUIqL-sVGAwQ', 'placeId': 'ChIJowZ6sv452jARUIqL-sVGAwQ', 'displayName': {'text': 'Suthep', 'languageCode': 'en'}, 'containment': 'OUTSKIRTS'}]}","{'directionsUri': ""https://www.google.com/maps/dir//''/data=!4m7!4m6!1m1!4e2!1m2!1m1!1s0x30da3b984a6e905b:0x695301c5fe3472cb!3e0"", 'placeUri': 'https://maps.google.com/?cid=7589411746934452939', 'writeAReviewUri': 'https://www.google.com/maps/place//data=!4m3!3m2!1s0x30da3b984a6e905b:0x695301c5fe3472cb!12e1', 'reviewsUri': 'https://www.google.com/maps/place//data=!4m4!3m3!1s0x30da3b984a6e905b:0x695301c5fe3472cb!9m1!1b1', 'photosUri': 'https://www.google.com/maps/place//data=!4m3!3m2!1s0x30da3b984a6e905b:0x695301c5fe3472cb!10e5'}",True,Accepts Credit Cards & Not Accepts Cash Only,False,No data for price level,False,False,True,,,,Price range not specified,,,,True,True,,False,True,True,,True,True,False,
places/ChIJC3SkSIo62jARpnyp1Xyr0T0,ChIJC3SkSIo62jARpnyp1Xyr0T0,"Hotel, Lodging, Point Of Interest, Establishment",+66 53 415 222,"54 Huay Kaew Rd, Tambon Chang Phueak, Amphoe Mueang Chiang Mai, Chang Wat Chiang Mai 50300","ละติจูด: 18.8020234, ลองติจูด: 98.9707153",4.0,https://maps.google.com/?cid=4454530059095080102,http://www.furama.com/chiangmai,This place is open 24 hours every day.,2070,Furama Chiang Mai,Hotel,"Modern rooms in a refined hotel featuring multiple restaurants & a grand rooftop pool, plus a gym.",,Support Wheelchair Accessible Parking & Support Wheelchair Accessible Entrance,"{'landmarks': [{'name': 'places/ChIJ0ZK_UIo62jARXRoaPxr_RLg', 'placeId': 'ChIJ0ZK_UIo62jARXRoaPxr_RLg', 'displayName': {'text': 'Xanadu Pub & Restaurant', 'languageCode': 'en'}, 'types': ['establishment', 'food', 'point_of_interest', 'restaurant'], 'spatialRelationship': 'BESIDE', 'straightLineDistanceMeters': 42.601074, 'travelDistanceMeters': 7.4008255}, {'name': 'places/ChIJgZ8dg_g72jARWqOG7y5gp5k', 'placeId': 'ChIJgZ8dg_g72jARWqOG7y5gp5k', 'displayName': {'text': 'SHABUGU ชาบูกุ สาขาไพร์มแสควร์ เจ็ดยอด', 'languageCode': 'th'}, 'types': ['establishment', 'food', 'point_of_interest', 'restaurant'], 'straightLineDistanceMeters': 237.79646, 'travelDistanceMeters': 468.385}, {'name': 'places/ChIJZdeQQcU72jAR5R_U8bjhysM', 'placeId': 'ChIJZdeQQcU72jAR5R_U8bjhysM', 'displayName': {'text': 'East Bar', 'languageCode': 'en'}, 'types': ['bar', 'establishment', 'point_of_interest'], 'straightLineDistanceMeters': 309.71744, 'travelDistanceMeters': 434.32925}, {'name': 'places/ChIJTQ1Pe2Yv2jARp-BV57kBddY', 'placeId': 'ChIJTQ1Pe2Yv2jARp-BV57kBddY', 'displayName': {'text': '200 Pigs Noodle Cafe', 'languageCode': 'en'}, 'types': ['establishment', 'food', 'point_of_interest', 'restaurant'], 'spatialRelationship': 'DOWN_THE_ROAD', 'straightLineDistanceMeters': 143.69218, 'travelDistanceMeters': 173.21458}, {'name': 'places/ChIJFTJWyGE62jARs9_eWWKRbNM', 'placeId': 'ChIJFTJWyGE62jARs9_eWWKRbNM', 'displayName': {'text': 'Cha Tra Mue', 'languageCode': 'ja'}, 'types': ['cafe', 'establishment', 'food', 'point_of_interest'], 'straightLineDistanceMeters': 383.66626}], 'areas': [{'name': 'places/ChIJidwaQjc62jARQIqL-sVGAwQ', 'placeId': 'ChIJidwaQjc62jARQIqL-sVGAwQ', 'displayName': {'text': 'Chang Phueak', 'languageCode': 'en'}, 'containment': 'OUTSKIRTS'}]}","{'directionsUri': ""https://www.google.com/maps/dir//''/data=!4m7!4m6!1m1!4e2!1m2!1m1!1s0x30da3a8a48a4740b:0x3dd1ab7cd5a97ca6!3e0"", 'placeUri': 'https://maps.google.com/?cid=4454530059095080102', 'writeAReviewUri': 'https://www.google.com/maps/place//data=!4m3!3m2!1s0x30da3a8a48a4740b:0x3dd1ab7cd5a97ca6!12e1', 'reviewsUri': 'https://www.google.com/maps/place//data=!4m4!3m3!1s0x30da3a8a48a4740b:0x3dd1ab7cd5a97ca6!9m1!1b1', 'photosUri': 'https://www.google.com/maps/place//data=!4m3!3m2!1s0x30da3a8a48a4740b:0x3dd1ab7cd5a97ca6!10e5'}",,No data for payments options.,True,No data for price level,,,,,,,Price range not specified,,,,,,,,,,,,,,
places/ChIJ2-ySsIc62jARjtqN8l9rDv8,ChIJ2-ySsIc62jARjtqN8l9rDv8,"Hotel, Lodging, Point Of Interest, Establishment",+66 52 088 788,"8, 8 Siri Mangkalajarn Rd, Tambon Su Thep, Amphoe Mueang Chiang Mai, Chang Wat Chiang Mai 50200","ละติจูด: 18.7983925, ลองติจูด: 98.9709905",4.3,https://maps.google.com/?cid=18378745189181020814,http://www.staywithnimman.com/,This place is open 24 hours every day.,890,Stay with Nimman,Hotel,"Sleek rooms in a polished hotel offering a spa & 2 rooftop pools, plus a cigar bar & a restaurant.",,Support Wheelchair Accessible Parking & Support Wheelchair Accessible Entrance,"{'landmarks': [{'name': 'places/ChIJSz07kYk62jARjNSSFUxjfQU', 'placeId': 'ChIJSz07kYk62jARjNSSFUxjfQU', 'displayName': {'text': 'Vintage Thai Massage 2 Nimman Soi 5', 'languageCode': 'en'}, 'types': ['establishment', 'point_of_interest', 'spa'], 'spatialRelationship': 'DOWN_THE_ROAD', 'straightLineDistanceMeters': 40.62404, 'travelDistanceMeters': 58.935806}, {'name': 'places/ChIJW_hT1nI72jARXXx1-b7YD9k', 'placeId': 'ChIJW_hT1nI72jARXXx1-b7YD9k', 'displayName': {'text': 'SURTRICT STORE', 'languageCode': 'th'}, 'types': ['clothing_store', 'establishment', 'point_of_interest', 'store'], 'spatialRelationship': 'DOWN_THE_ROAD', 'straightLineDistanceMeters': 44.3774, 'travelDistanceMeters': 41.948227}, {'name': 'places/ChIJ8QdNKPU72jARtz_iHmA6_zk', 'placeId': 'ChIJ8QdNKPU72jARtz_iHmA6_zk', 'displayName': {'text': 'One Nimman', 'languageCode': 'en'}, 'types': ['establishment', 'point_of_interest', 'shopping_mall'], 'straightLineDistanceMeters': 392.25003, 'travelDistanceMeters': 400.0169}, {'name': 'places/ChIJg7vcmIk62jARbSAjCvQbL2E', 'placeId': 'ChIJg7vcmIk62jARbSAjCvQbL2E', 'displayName': {'text': 'Koay Chup FahThaNee', 'languageCode': 'en'}, 'types': ['establishment', 'food', 'point_of_interest', 'restaurant'], 'spatialRelationship': 'ACROSS_THE_ROAD', 'straightLineDistanceMeters': 34.698574, 'travelDistanceMeters': 32.05178}, {'name': 'places/ChIJw8USpIk62jARvNmN_v-NE0k', 'placeId': 'ChIJw8USpIk62jARvNmN_v-NE0k', 'displayName': {'text': 'Roastniyom Coffee', 'languageCode': 'en'}, 'types': ['cafe', 'establishment', 'food', 'point_of_interest', 'store'], 'spatialRelationship': 'AROUND_THE_CORNER', 'straightLineDistanceMeters': 98.35396, 'travelDistanceMeters': 98.46569}], 'areas': [{'name': 'places/ChIJ_T7SzGM62jARlKu0BQcTc9w', 'placeId': 'ChIJ_T7SzGM62jARlKu0BQcTc9w', 'displayName': {'text': 'Nimmanhaemin', 'languageCode': 'th'}, 'containment': 'OUTSKIRTS'}, {'name': 'places/ChIJowZ6sv452jARUIqL-sVGAwQ', 'placeId': 'ChIJowZ6sv452jARUIqL-sVGAwQ', 'displayName': {'text': 'Suthep', 'languageCode': 'en'}, 'containment': 'OUTSKIRTS'}]}","{'directionsUri': ""https://www.google.com/maps/dir//''/data=!4m7!4m6!1m1!4e2!1m2!1m1!1s0x30da3a87b092ecdb:0xff0e6b5ff28dda8e!3e0"", 'placeUri': 'https://maps.google.com/?cid=18378745189181020814', 'writeAReviewUri': 'https://www.google.com/maps/place//data=!4m3!3m2!1s0x30da3a87b092ecdb:0xff0e6b5ff28dda8e!12e1', 'reviewsUri': 'https://www.google.com/maps/place//data=!4m4!3m3!1s0x30da3a87b092ecdb:0xff0e6b5ff28dda8e!9m1!1b1', 'photosUri': 'https://www.google.com/maps/place//data=!4m3!3m2!1s0x30da3a87b092ecdb:0xff0e6b5ff28dda8e!10e5'}",,Accepts Credit Cards,True,No data for price level,,,,,,,Price range not specified,,,,,,,,,,,,,,
places/ChIJI7OL9GE62jARTIo-coWTeBw,ChIJI7OL9GE62jARTIo-coWTeBw,"Restaurant, Food, Point Of Interest, Establishment",+66 52 080 928,"One Nimman, Nimmanahaeminda Road, Tambon Su Thep, Amphoe Mueang Chiang Mai, Chang Wat Chiang Mai 50200","ละติจูด: 18.7998448, ลองติจูด: 98.9675472",4.3,https://maps.google.com/?cid=2051551831623895628,https://www.gingerfarmkitchen.com/,"Open on: Monday (11:00 AM – 10:00 PM), Tuesday (11:00 AM – 10:00 PM), Wednesday (11:00 AM – 10:00 PM), Thursday (11:00 AM – 10:00 PM), Friday (11:00 AM – 10:00 PM), Saturday (11:00 AM – 10:00 PM), Sunday (11:00 AM – 10:00 PM).",2811,GINGER FARM kitchen at ONENIMMAN Chiangmai,Restaurant,,"{'freeParkingLot': True, 'paidParkingLot': False}",,"{'landmarks': [{'name': 'places/ChIJ8QdNKPU72jARtz_iHmA6_zk', 'placeId': 'ChIJ8QdNKPU72jARtz_iHmA6_zk', 'displayName': {'text': 'One Nimman', 'languageCode': 'en'}, 'types': ['establishment', 'point_of_interest', 'shopping_mall'], 'spatialRelationship': 'BESIDE', 'straightLineDistanceMeters': 71.95084, 'travelDistanceMeters': 20.187033}, {'name': 'places/ChIJC1o2yWE62jARfjKPh-dUjiQ', 'placeId': 'ChIJC1o2yWE62jARfjKPh-dUjiQ', 'displayName': {'text': 'MAYA Lifestyle Shopping Center', 'languageCode': 'en'}, 'types': ['establishment', 'point_of_interest', 'shopping_mall'], 'spatialRelationship': 'AROUND_THE_CORNER', 'straightLineDistanceMeters': 263.06622, 'travelDistanceMeters': 276.78134}, {'name': 'places/ChIJU1P77WE62jAR3ViiZOa6Nrk', 'placeId': 'ChIJU1P77WE62jAR3ViiZOa6Nrk', 'displayName': {'text': 'FREITAG Store by Pronto Chiang Mai', 'languageCode': 'en'}, 'types': ['establishment', 'point_of_interest', 'shopping_mall'], 'spatialRelationship': 'DOWN_THE_ROAD', 'straightLineDistanceMeters': 46.51192, 'travelDistanceMeters': 46.029564}, {'name': 'places/ChIJuwtSkGE62jARmad-2utwo_c', 'placeId': 'ChIJuwtSkGE62jARmad-2utwo_c', 'displayName': {'text': 'Hong Tauw Inn', 'languageCode': 'en'}, 'types': ['establishment', 'food', 'point_of_interest', 'restaurant'], 'spatialRelationship': 'ACROSS_THE_ROAD', 'straightLineDistanceMeters': 16.94839, 'travelDistanceMeters': 6.720495}, {'name': 'places/ChIJXTgtJ2I62jAR3HgRbTg5HlM', 'placeId': 'ChIJXTgtJ2I62jAR3HgRbTg5HlM', 'displayName': {'text': 'Ran Lao', 'languageCode': 'en'}, 'types': ['book_store', 'establishment', 'point_of_interest', 'store'], 'spatialRelationship': 'DOWN_THE_ROAD', 'straightLineDistanceMeters': 71.276245, 'travelDistanceMeters': 69.40873}], 'areas': [{'name': 'places/ChIJ_T7SzGM62jARlKu0BQcTc9w', 'placeId': 'ChIJ_T7SzGM62jARlKu0BQcTc9w', 'displayName': {'text': 'Nimmanhaemin', 'languageCode': 'th'}, 'containment': 'WITHIN'}, {'name': 'places/ChIJowZ6sv452jARUIqL-sVGAwQ', 'placeId': 'ChIJowZ6sv452jARUIqL-sVGAwQ', 'displayName': {'text': 'Suthep', 'languageCode': 'en'}, 'containment': 'OUTSKIRTS'}]}","{'directionsUri': ""https://www.google.com/maps/dir//''/data=!4m7!4m6!1m1!4e2!1m2!1m1!1s0x30da3a61f48bb323:0x1c789385723e8a4c!3e0"", 'placeUri': 'https://maps.google.com/?cid=2051551831623895628', 'writeAReviewUri': 'https://www.google.com/maps/place//data=!4m3!3m2!1s0x30da3a61f48bb323:0x1c789385723e8a4c!12e1', 'reviewsUri': 'https://www.google.com/maps/place//data=!4m4!3m3!1s0x30da3a61f48bb323:0x1c789385723e8a4c!9m1!1b1', 'photosUri': 'https://www.google.com/maps/place//data=!4m3!3m2!1s0x30da3a61f48bb323:0x1c789385723e8a4c!10e5'}",True,Accepts Credit Cards & Not Accepts Cash Only,True,Moderate,True,True,True,,True,,Price range not specified,,True,True,True,True,True,False,False,True,True,True,True,,
places/ChIJR9KKTPA72jARvp8PqCWRLLU,ChIJR9KKTPA72jARvp8PqCWRLLU,"Hotel, Lodging, Point Of Interest, Establishment",+66 91 883 3654,"8 10 Nimmanahaeminda Road, Tambon Su Thep, เมือง Chang Wat Chiang Mai 50200","ละติจูด: 18.7995128, ลองติจูด: 98.9667643",4.4,https://maps.google.com/?cid=13054969010759638974,http://www.moosehotel.com/,Opening hours information is not available.,369,Moose Hotel Nimman,Hotel,,,Support Wheelchair Accessible Parking & Support Wheelchair Accessible Entrance,"{'landmarks': [{'name': 'places/ChIJ8QdNKPU72jARtz_iHmA6_zk', 'placeId': 'ChIJ8QdNKPU72jARtz_iHmA6_zk', 'displayName': {'text': 'One Nimman', 'languageCode': 'en'}, 'types': ['establishment', 'point_of_interest', 'shopping_mall'], 'straightLineDistanceMeters': 149.13113, 'travelDistanceMeters': 102.179794}, {'name': 'places/ChIJXTgtJ2I62jAR3HgRbTg5HlM', 'placeId': 'ChIJXTgtJ2I62jAR3HgRbTg5HlM', 'displayName': {'text': 'Ran Lao', 'languageCode': 'en'}, 'types': ['book_store', 'establishment', 'point_of_interest', 'store'], 'straightLineDistanceMeters': 34.53421, 'travelDistanceMeters': 76.022865}, {'name': 'places/ChIJC1o2yWE62jARfjKPh-dUjiQ', 'placeId': 'ChIJC1o2yWE62jARfjKPh-dUjiQ', 'displayName': {'text': 'MAYA Lifestyle Shopping Center', 'languageCode': 'en'}, 'types': ['establishment', 'point_of_interest', 'shopping_mall'], 'straightLineDistanceMeters': 308.52786, 'travelDistanceMeters': 368.33875}, {'name': 'places/ChIJQXJ8IWI62jAR4ihMz2nz3nY', 'placeId': 'ChIJQXJ8IWI62jAR4ihMz2nz3nY', 'displayName': {'text': 'Guu Fusion Roti & Tea', 'languageCode': 'en'}, 'types': ['establishment', 'food', 'point_of_interest', 'restaurant'], 'straightLineDistanceMeters': 60.71388, 'travelDistanceMeters': 100.67351}, {'name': 'places/ChIJka5rIWI62jARnOjh1ntagYw', 'placeId': 'ChIJka5rIWI62jARnOjh1ntagYw', 'displayName': {'text': 'The Artist Spa', 'languageCode': 'en'}, 'types': ['establishment', 'point_of_interest'], 'straightLineDistanceMeters': 36.87134, 'travelDistanceMeters': 83.61699}], 'areas': [{'name': 'places/ChIJ_T7SzGM62jARlKu0BQcTc9w', 'placeId': 'ChIJ_T7SzGM62jARlKu0BQcTc9w', 'displayName': {'text': 'Nimmanhaemin', 'languageCode': 'th'}, 'containment': 'WITHIN'}, {'name': 'places/ChIJowZ6sv452jARUIqL-sVGAwQ', 'placeId': 'ChIJowZ6sv452jARUIqL-sVGAwQ', 'displayName': {'text': 'Suthep', 'languageCode': 'en'}, 'containment': 'OUTSKIRTS'}]}","{'directionsUri': ""https://www.google.com/maps/dir//''/data=!4m7!4m6!1m1!4e2!1m2!1m1!1s0x30da3bf04c8ad247:0xb52c9125a80f9fbe!3e0"", 'placeUri': 'https://maps.google.com/?cid=13054969010759638974', 'writeAReviewUri': 'https://www.google.com/maps/place//data=!4m3!3m2!1s0x30da3bf04c8ad247:0xb52c9125a80f9fbe!12e1', 'reviewsUri': 'https://www.google.com/maps/place//data=!4m4!3m3!1s0x30da3bf04c8ad247:0xb52c9125a80f9fbe!9m1!1b1', 'photosUri': 'https://www.google.com/maps/place//data=!4m3!3m2!1s0x30da3bf04c8ad247:0xb52c9125a80f9fbe!10e5'}",,No data for payments options.,True,No data for price level,,,,,,,Price range not specified,,,,,,,,,,,,,,
places/ChIJW3B6xI462jARfVEUGf9H91k,ChIJW3B6xI462jARfVEUGf9H91k,"Hotel, Lodging, Point Of Interest, Establishment",+66 53 222 099,"23 Huay Kaew Rd, Tambon Su Thep, ้เมืองเชียงใหม่, Chang Wat Chiang Mai 50200","ละติจูด: 18.796823099999997, ลองติจูด: 98.9753703",4.0,https://maps.google.com/?cid=6482729349586112893,https://www.chiangmaiorchid.com/,Opening hours information is not available.,1535,Chiang Mai Orchid Hotel,Hotel,"Informal hotel offering casual quarters, some with city views, plus 2 eateries & an outdoor pool.",,Support Wheelchair Accessible Parking & Support Wheelchair Accessible Entrance,"{'landmarks': [{'name': 'places/ChIJk6WU6Y462jARO0x1ERmpSj8', 'placeId': 'ChIJk6WU6Y462jARO0x1ERmpSj8', 'displayName': {'text': '7-Eleven', 'languageCode': 'en'}, 'types': ['convenience_store', 'establishment', 'food', 'point_of_interest', 'store'], 'straightLineDistanceMeters': 66.79739, 'travelDistanceMeters': 453.47705}, {'name': 'places/ChIJfVxzSok62jARMdPy0zCMXgg', 'placeId': 'ChIJfVxzSok62jARMdPy0zCMXgg', 'displayName': {'text': 'Shell', 'languageCode': 'en'}, 'types': ['atm', 'car_wash', 'convenience_store', 'establishment', 'finance', 'food', 'gas_station', 'point_of_interest', 'restaurant', 'store'], 'straightLineDistanceMeters': 190.17421, 'travelDistanceMeters': 233.19232}, {'name': 'places/ChIJ0dZPVeUv2jARMC7jtNVquNg', 'placeId': 'ChIJ0dZPVeUv2jARMC7jtNVquNg', 'displayName': {'text': 'Chiangmai Ram Hospital', 'languageCode': 'en'}, 'types': ['establishment', 'health', 'hospital', 'point_of_interest'], 'straightLineDistanceMeters': 355.54767, 'travelDistanceMeters': 470.78867}, {'name': 'places/ChIJQy84n4462jARtt2eA4WDuGk', 'placeId': 'ChIJQy84n4462jARtt2eA4WDuGk', 'displayName': {'text': 'Mango Scooter Rental Chiang Mai - 踏板车和摩托车租赁 - มอเตอร์ไซค์ให้เช่าที่เชียงใหม่', 'languageCode': 'en'}, 'types': ['establishment', 'point_of_interest'], 'straightLineDistanceMeters': 247.40843, 'travelDistanceMeters': 404.0045}, {'name': 'places/ChIJse0a0hU72jAR8RNKLSPrhyY', 'placeId': 'ChIJse0a0hU72jAR8RNKLSPrhyY', 'displayName': {'text': 'Kad Suan Kaew', 'languageCode': 'en'}, 'types': ['establishment', 'point_of_interest', 'shopping_mall'], 'spatialRelationship': 'AROUND_THE_CORNER', 'straightLineDistanceMeters': 88.43174, 'travelDistanceMeters': 128.5441}], 'areas': [{'name': 'places/ChIJCeiG24462jAR6QSc4UdpHrE', 'placeId': 'ChIJCeiG24462jAR6QSc4UdpHrE', 'displayName': {'text': 'Chiang Mai Orchid Hotel', 'languageCode': 'en'}, 'containment': 'WITHIN'}, {'name': 'places/ChIJowZ6sv452jARUIqL-sVGAwQ', 'placeId': 'ChIJowZ6sv452jARUIqL-sVGAwQ', 'displayName': {'text': 'Suthep', 'languageCode': 'en'}, 'containment': 'OUTSKIRTS'}, {'name': 'places/ChIJidwaQjc62jARQIqL-sVGAwQ', 'placeId': 'ChIJidwaQjc62jARQIqL-sVGAwQ', 'displayName': {'text': 'Chang Phueak', 'languageCode': 'en'}, 'containment': 'NEAR'}]}","{'directionsUri': ""https://www.google.com/maps/dir//''/data=!4m7!4m6!1m1!4e2!1m2!1m1!1s0x30da3a8ec47a705b:0x59f747ff1914517d!3e0"", 'placeUri': 'https://maps.google.com/?cid=6482729349586112893', 'writeAReviewUri': 'https://www.google.com/maps/place//data=!4m3!3m2!1s0x30da3a8ec47a705b:0x59f747ff1914517d!12e1', 'reviewsUri': 'https://www.google.com/maps/place//data=!4m4!3m3!1s0x30da3a8ec47a705b:0x59f747ff1914517d!9m1!1b1', 'photosUri': 'https://www.google.com/maps/place//data=!4m3!3m2!1s0x30da3a8ec47a705b:0x59f747ff1914517d!10e5'}",,No data for payments options.,True,No data for price level,,,,,,,Price range not specified,,,,,,,,,,,,,,
places/ChIJs5TfLmI62jARMIq8IHLug_c,ChIJs5TfLmI62jARMIq8IHLug_c,"Restaurant, Food, Point Of Interest, Establishment",+66 81 881 1407,"2, 8 Suk Kasame Rd, Tambon Su Thep, Amphoe Mueang Chiang Mai, Chang Wat Chiang Mai 50200","ละติจูด: 18.799259499999998, ลองติจูด: 98.9660815",4.2,https://maps.google.com/?cid=17835361123260205616,https://l.facebook.com/l.php?u=https%3A%2F%2Ffb.me%2FKaiyangcherngdoi2&h=AT34RFLWFLDzCnBmM8boRPb5Km5TPjNG1KnFbsdPgSRCtlhs2P1YZ0aixG33gkAstj9xfGitveoeDAb4YRFmNiL69zqjlY-1d_kvTRUzwfO3-Hq5ywa5Il2AbwPWSJVWzDUc,"Open on: Tuesday (11:00 AM – 8:00 PM), Wednesday (11:00 AM – 8:00 PM), Thursday (11:00 AM – 8:00 PM), Friday (11:00 AM – 8:00 PM), Saturday (11:00 AM – 8:00 PM), Sunday (11:00 AM – 8:00 PM). Closed on: Monday.",2709,Cherng Doi Roast Chicken,Restaurant,,"{'freeParkingLot': True, 'paidParkingLot': False, 'freeStreetParking': True, 'freeGarageParking': True, 'paidGarageParking': False}",Not support Wheelchair Accessible Parking & Not support Wheelchair Accessible Entrance & Not support Wheelchair Accessible Seating,"{'landmarks': [{'name': 'places/ChIJ8QdNKPU72jARtz_iHmA6_zk', 'placeId': 'ChIJ8QdNKPU72jARtz_iHmA6_zk', 'displayName': {'text': 'One Nimman', 'languageCode': 'en'}, 'types': ['establishment', 'point_of_interest', 'shopping_mall'], 'straightLineDistanceMeters': 228.38324, 'travelDistanceMeters': 211.89832}, {'name': 'places/ChIJK0pkqmM62jARTbfnsFMU_cY', 'placeId': 'ChIJK0pkqmM62jARTbfnsFMU_cY', 'displayName': {'text': ""Sanae' Hotel Nimman"", 'languageCode': 'en'}, 'types': ['establishment', 'lodging', 'point_of_interest'], 'spatialRelationship': 'BESIDE', 'straightLineDistanceMeters': 23.00814, 'travelDistanceMeters': 22.754429}, {'name': 'places/ChIJC1o2yWE62jARfjKPh-dUjiQ', 'placeId': 'ChIJC1o2yWE62jARfjKPh-dUjiQ', 'displayName': {'text': 'MAYA Lifestyle Shopping Center', 'languageCode': 'en'}, 'types': ['establishment', 'point_of_interest', 'shopping_mall'], 'straightLineDistanceMeters': 358.7371, 'travelDistanceMeters': 478.0573}, {'name': 'places/ChIJhZLPLWI62jARkfYqJJsDaFA', 'placeId': 'ChIJhZLPLWI62jARkfYqJJsDaFA', 'displayName': {'text': 'The Larder Cafe & Bar', 'languageCode': 'en'}, 'types': ['cafe', 'establishment', 'food', 'point_of_interest', 'restaurant', 'store'], 'spatialRelationship': 'ACROSS_THE_ROAD', 'straightLineDistanceMeters': 17.81864, 'travelDistanceMeters': 6.3529778}, {'name': 'places/ChIJfcgYjWE62jARHMUoKIsWkLQ', 'placeId': 'ChIJfcgYjWE62jARHMUoKIsWkLQ', 'displayName': {'text': 'Nimman Mai Design Hotel, Chiang Mai', 'languageCode': 'en'}, 'types': ['establishment', 'lodging', 'point_of_interest'], 'spatialRelationship': 'DOWN_THE_ROAD', 'straightLineDistanceMeters': 91.37728, 'travelDistanceMeters': 91.08251}], 'areas': [{'name': 'places/ChIJ_T7SzGM62jARlKu0BQcTc9w', 'placeId': 'ChIJ_T7SzGM62jARlKu0BQcTc9w', 'displayName': {'text': 'Nimmanhaemin', 'languageCode': 'th'}, 'containment': 'WITHIN'}, {'name': 'places/ChIJowZ6sv452jARUIqL-sVGAwQ', 'placeId': 'ChIJowZ6sv452jARUIqL-sVGAwQ', 'displayName': {'text': 'Suthep', 'languageCode': 'en'}, 'containment': 'OUTSKIRTS'}]}","{'directionsUri': ""https://www.google.com/maps/dir//''/data=!4m7!4m6!1m1!4e2!1m2!1m1!1s0x30da3a622edf94b3:0xf783ee7220bc8a30!3e0"", 'placeUri': 'https://maps.google.com/?cid=17835361123260205616', 'writeAReviewUri': 'https://www.google.com/maps/place//data=!4m3!3m2!1s0x30da3a622edf94b3:0xf783ee7220bc8a30!12e1', 'reviewsUri': 'https://www.google.com/maps/place//data=!4m4!3m3!1s0x30da3a622edf94b3:0xf783ee7220bc8a30!9m1!1b1', 'photosUri': 'https://www.google.com/maps/place//data=!4m3!3m2!1s0x30da3a622edf94b3:0xf783ee7220bc8a30!10e5'}",True,Accepts Cash Only,True,Inexpensive,True,True,True,False,True,,Between 100 and 200 THB,True,True,True,True,False,True,True,False,False,False,True,True,,
